-- Migration 0003: Expand card database to 53 cards
-- Adds 33 new cards across 12 issuers including business and co-branded cards
INSERT OR REPLACE INTO cards (id, name, issuer, annual_fee, first_year_fee_waived, reward_type, base_rate, point_value, url, image_url) VALUES ('chase-ink-unlimited', 'Chase Ink Business Unlimited', 'Chase', 0, 0, 'cashback', 1.5, 1, 'https://creditcards.chase.com/business-credit-cards/ink/unlimited', NULL);
INSERT OR REPLACE INTO sign_up_bonuses (card_id, amount, spend_required, time_months) VALUES ('chase-ink-unlimited', 750, 6000, 3);
INSERT OR REPLACE INTO cards (id, name, issuer, annual_fee, first_year_fee_waived, reward_type, base_rate, point_value, url, image_url) VALUES ('chase-ink-preferred', 'Chase Ink Business Preferred', 'Chase', 95, 0, 'points', 1, 1.25, 'https://creditcards.chase.com/business-credit-cards/ink/preferred', NULL);
INSERT OR REPLACE INTO category_rates (card_id, category, multiplier) VALUES ('chase-ink-preferred', 'travel', 3);
INSERT OR REPLACE INTO category_rates (card_id, category, multiplier) VALUES ('chase-ink-preferred', 'online_shopping', 3);
INSERT OR REPLACE INTO category_rates (card_id, category, multiplier) VALUES ('chase-ink-preferred', 'entertainment', 3);
INSERT OR REPLACE INTO sign_up_bonuses (card_id, amount, spend_required, time_months) VALUES ('chase-ink-preferred', 1000, 8000, 3);
INSERT OR REPLACE INTO cards (id, name, issuer, annual_fee, first_year_fee_waived, reward_type, base_rate, point_value, url, image_url) VALUES ('amazon-prime-visa', 'Amazon Prime Visa', 'Chase', 0, 0, 'cashback', 1, 1, 'https://www.amazon.com/Amazon-Prime-Rewards-Visa-Signature-Card/dp/BT00LN946S', NULL);
INSERT OR REPLACE INTO category_rates (card_id, category, multiplier) VALUES ('amazon-prime-visa', 'online_shopping', 5);
INSERT OR REPLACE INTO category_rates (card_id, category, multiplier) VALUES ('amazon-prime-visa', 'dining', 2);
INSERT OR REPLACE INTO category_rates (card_id, category, multiplier) VALUES ('amazon-prime-visa', 'gas', 2);
INSERT OR REPLACE INTO category_rates (card_id, category, multiplier) VALUES ('amazon-prime-visa', 'transit', 2);
INSERT OR REPLACE INTO cards (id, name, issuer, annual_fee, first_year_fee_waived, reward_type, base_rate, point_value, url, image_url) VALUES ('chase-marriott-boundless', 'Chase Marriott Bonvoy Boundless', 'Chase', 95, 0, 'points', 2, 0.7, 'https://creditcards.chase.com/travel-credit-cards/marriott-bonvoy/boundless', NULL);
INSERT OR REPLACE INTO category_rates (card_id, category, multiplier) VALUES ('chase-marriott-boundless', 'travel', 6);
INSERT OR REPLACE INTO category_rates (card_id, category, multiplier) VALUES ('chase-marriott-boundless', 'dining', 3);
INSERT OR REPLACE INTO category_rates (card_id, category, multiplier) VALUES ('chase-marriott-boundless', 'groceries', 3);
INSERT OR REPLACE INTO category_rates (card_id, category, multiplier) VALUES ('chase-marriott-boundless', 'gas', 3);
INSERT OR REPLACE INTO sign_up_bonuses (card_id, amount, spend_required, time_months) VALUES ('chase-marriott-boundless', 250, 3000, 3);
DELETE FROM perks WHERE card_id = 'chase-marriott-boundless';
INSERT INTO perks (card_id, name, annual_value) VALUES ('chase-marriott-boundless', 'Free Night Award', 70);
INSERT OR REPLACE INTO cards (id, name, issuer, annual_fee, first_year_fee_waived, reward_type, base_rate, point_value, url, image_url) VALUES ('chase-united-explorer', 'Chase United Explorer', 'Chase', 95, 0, 'points', 1, 1.1, 'https://creditcards.chase.com/travel-credit-cards/united/explorer', NULL);
INSERT OR REPLACE INTO category_rates (card_id, category, multiplier) VALUES ('chase-united-explorer', 'travel', 2);
INSERT OR REPLACE INTO category_rates (card_id, category, multiplier) VALUES ('chase-united-explorer', 'dining', 2);
INSERT OR REPLACE INTO sign_up_bonuses (card_id, amount, spend_required, time_months) VALUES ('chase-united-explorer', 600, 3000, 3);
DELETE FROM perks WHERE card_id = 'chase-united-explorer';
INSERT INTO perks (card_id, name, annual_value) VALUES ('chase-united-explorer', 'First Checked Bag Free', 70);
INSERT OR REPLACE INTO cards (id, name, issuer, annual_fee, first_year_fee_waived, reward_type, base_rate, point_value, url, image_url) VALUES ('world-of-hyatt', 'World of Hyatt Credit Card', 'Chase', 95, 0, 'points', 1, 1.7, 'https://creditcards.chase.com/travel-credit-cards/world-of-hyatt', NULL);
INSERT OR REPLACE INTO category_rates (card_id, category, multiplier) VALUES ('world-of-hyatt', 'travel', 9);
INSERT OR REPLACE INTO category_rates (card_id, category, multiplier) VALUES ('world-of-hyatt', 'dining', 2);
INSERT OR REPLACE INTO category_rates (card_id, category, multiplier) VALUES ('world-of-hyatt', 'transit', 2);
INSERT OR REPLACE INTO category_rates (card_id, category, multiplier) VALUES ('world-of-hyatt', 'entertainment', 2);
INSERT OR REPLACE INTO sign_up_bonuses (card_id, amount, spend_required, time_months) VALUES ('world-of-hyatt', 510, 3000, 3);
DELETE FROM perks WHERE card_id = 'world-of-hyatt';
INSERT INTO perks (card_id, name, annual_value) VALUES ('world-of-hyatt', 'Free Night Award', 150);
INSERT OR REPLACE INTO cards (id, name, issuer, annual_fee, first_year_fee_waived, reward_type, base_rate, point_value, url, image_url) VALUES ('amex-business-gold', 'American Express Business Gold', 'American Express', 295, 0, 'points', 1, 1, 'https://www.americanexpress.com/us/credit-cards/card/business-gold/', NULL);
INSERT OR REPLACE INTO category_rates (card_id, category, multiplier) VALUES ('amex-business-gold', 'dining', 4);
INSERT OR REPLACE INTO category_rates (card_id, category, multiplier) VALUES ('amex-business-gold', 'travel', 4);
INSERT OR REPLACE INTO category_rates (card_id, category, multiplier) VALUES ('amex-business-gold', 'online_shopping', 4);
INSERT OR REPLACE INTO category_rates (card_id, category, multiplier) VALUES ('amex-business-gold', 'gas', 4);
INSERT OR REPLACE INTO sign_up_bonuses (card_id, amount, spend_required, time_months) VALUES ('amex-business-gold', 1000, 10000, 3);
INSERT OR REPLACE INTO cards (id, name, issuer, annual_fee, first_year_fee_waived, reward_type, base_rate, point_value, url, image_url) VALUES ('amex-business-platinum', 'American Express Business Platinum', 'American Express', 695, 0, 'points', 1, 1.1, 'https://www.americanexpress.com/us/credit-cards/card/business-platinum/', NULL);
INSERT OR REPLACE INTO category_rates (card_id, category, multiplier) VALUES ('amex-business-platinum', 'travel', 5);
INSERT OR REPLACE INTO sign_up_bonuses (card_id, amount, spend_required, time_months) VALUES ('amex-business-platinum', 1200, 15000, 3);
DELETE FROM perks WHERE card_id = 'amex-business-platinum';
INSERT INTO perks (card_id, name, annual_value) VALUES ('amex-business-platinum', 'Airline Fee Credit', 200);
INSERT INTO perks (card_id, name, annual_value) VALUES ('amex-business-platinum', 'Dell Technologies Credit', 400);
INSERT INTO perks (card_id, name, annual_value) VALUES ('amex-business-platinum', 'Global Entry/TSA PreCheck', 17);
INSERT OR REPLACE INTO cards (id, name, issuer, annual_fee, first_year_fee_waived, reward_type, base_rate, point_value, url, image_url) VALUES ('amex-delta-gold', 'Delta SkyMiles Gold American Express', 'American Express', 150, 1, 'points', 1, 1.1, 'https://www.americanexpress.com/us/credit-cards/card/delta-skymiles-gold-american-express-card/', NULL);
INSERT OR REPLACE INTO category_rates (card_id, category, multiplier) VALUES ('amex-delta-gold', 'travel', 2);
INSERT OR REPLACE INTO category_rates (card_id, category, multiplier) VALUES ('amex-delta-gold', 'dining', 2);
INSERT OR REPLACE INTO category_rates (card_id, category, multiplier) VALUES ('amex-delta-gold', 'groceries', 2);
INSERT OR REPLACE INTO sign_up_bonuses (card_id, amount, spend_required, time_months) VALUES ('amex-delta-gold', 350, 2000, 6);
DELETE FROM perks WHERE card_id = 'amex-delta-gold';
INSERT INTO perks (card_id, name, annual_value) VALUES ('amex-delta-gold', 'First Checked Bag Free', 60);
INSERT OR REPLACE INTO cards (id, name, issuer, annual_fee, first_year_fee_waived, reward_type, base_rate, point_value, url, image_url) VALUES ('amex-delta-platinum', 'Delta SkyMiles Platinum American Express', 'American Express', 350, 0, 'points', 1, 1.2, 'https://www.americanexpress.com/us/credit-cards/card/delta-skymiles-platinum-american-express-card/', NULL);
INSERT OR REPLACE INTO category_rates (card_id, category, multiplier) VALUES ('amex-delta-platinum', 'travel', 3);
INSERT OR REPLACE INTO category_rates (card_id, category, multiplier) VALUES ('amex-delta-platinum', 'dining', 2);
INSERT OR REPLACE INTO category_rates (card_id, category, multiplier) VALUES ('amex-delta-platinum', 'groceries', 2);
INSERT OR REPLACE INTO sign_up_bonuses (card_id, amount, spend_required, time_months) VALUES ('amex-delta-platinum', 600, 4000, 6);
DELETE FROM perks WHERE card_id = 'amex-delta-platinum';
INSERT INTO perks (card_id, name, annual_value) VALUES ('amex-delta-platinum', 'Annual Companion Certificate', 200);
INSERT INTO perks (card_id, name, annual_value) VALUES ('amex-delta-platinum', 'First Checked Bag Free', 90);
INSERT OR REPLACE INTO cards (id, name, issuer, annual_fee, first_year_fee_waived, reward_type, base_rate, point_value, url, image_url) VALUES ('amex-hilton-honors', 'Hilton Honors American Express Card', 'American Express', 0, 0, 'points', 3, 0.5, 'https://www.americanexpress.com/us/credit-cards/card/hilton-honors/', NULL);
INSERT OR REPLACE INTO category_rates (card_id, category, multiplier) VALUES ('amex-hilton-honors', 'travel', 7);
INSERT OR REPLACE INTO category_rates (card_id, category, multiplier) VALUES ('amex-hilton-honors', 'dining', 5);
INSERT OR REPLACE INTO category_rates (card_id, category, multiplier) VALUES ('amex-hilton-honors', 'groceries', 5);
INSERT OR REPLACE INTO category_rates (card_id, category, multiplier) VALUES ('amex-hilton-honors', 'gas', 5);
INSERT OR REPLACE INTO sign_up_bonuses (card_id, amount, spend_required, time_months) VALUES ('amex-hilton-honors', 400, 2000, 6);
INSERT OR REPLACE INTO cards (id, name, issuer, annual_fee, first_year_fee_waived, reward_type, base_rate, point_value, url, image_url) VALUES ('amex-hilton-surpass', 'Hilton Honors American Express Surpass', 'American Express', 150, 0, 'points', 3, 0.5, 'https://www.americanexpress.com/us/credit-cards/card/hilton-honors-surpass/', NULL);
INSERT OR REPLACE INTO category_rates (card_id, category, multiplier) VALUES ('amex-hilton-surpass', 'travel', 12);
INSERT OR REPLACE INTO category_rates (card_id, category, multiplier) VALUES ('amex-hilton-surpass', 'dining', 6);
INSERT OR REPLACE INTO category_rates (card_id, category, multiplier) VALUES ('amex-hilton-surpass', 'groceries', 6);
INSERT OR REPLACE INTO category_rates (card_id, category, multiplier) VALUES ('amex-hilton-surpass', 'gas', 6);
INSERT OR REPLACE INTO sign_up_bonuses (card_id, amount, spend_required, time_months) VALUES ('amex-hilton-surpass', 650, 3000, 6);
DELETE FROM perks WHERE card_id = 'amex-hilton-surpass';
INSERT INTO perks (card_id, name, annual_value) VALUES ('amex-hilton-surpass', 'Free Weekend Night Award', 150);
INSERT OR REPLACE INTO cards (id, name, issuer, annual_fee, first_year_fee_waived, reward_type, base_rate, point_value, url, image_url) VALUES ('amex-blue-business-cash', 'Blue Business Cash American Express', 'American Express', 0, 0, 'cashback', 2, 1, 'https://www.americanexpress.com/us/credit-cards/card/blue-business-cash/', NULL);
INSERT OR REPLACE INTO sign_up_bonuses (card_id, amount, spend_required, time_months) VALUES ('amex-blue-business-cash', 250, 3000, 3);
INSERT OR REPLACE INTO cards (id, name, issuer, annual_fee, first_year_fee_waived, reward_type, base_rate, point_value, url, image_url) VALUES ('amex-everyday', 'Amex EveryDay Credit Card', 'American Express', 0, 0, 'points', 1, 1, 'https://www.americanexpress.com/us/credit-cards/card/amex-everyday/', NULL);
INSERT OR REPLACE INTO category_rates (card_id, category, multiplier) VALUES ('amex-everyday', 'groceries', 2);
INSERT OR REPLACE INTO sign_up_bonuses (card_id, amount, spend_required, time_months) VALUES ('amex-everyday', 100, 2000, 6);
INSERT OR REPLACE INTO cards (id, name, issuer, annual_fee, first_year_fee_waived, reward_type, base_rate, point_value, url, image_url) VALUES ('citi-strata-premier', 'Citi Strata Premier', 'Citi', 95, 0, 'points', 1, 1, 'https://www.citi.com/credit-cards/citi-strata-premier-credit-card', NULL);
INSERT OR REPLACE INTO category_rates (card_id, category, multiplier) VALUES ('citi-strata-premier', 'dining', 3);
INSERT OR REPLACE INTO category_rates (card_id, category, multiplier) VALUES ('citi-strata-premier', 'groceries', 3);
INSERT OR REPLACE INTO category_rates (card_id, category, multiplier) VALUES ('citi-strata-premier', 'gas', 3);
INSERT OR REPLACE INTO category_rates (card_id, category, multiplier) VALUES ('citi-strata-premier', 'travel', 3);
INSERT OR REPLACE INTO sign_up_bonuses (card_id, amount, spend_required, time_months) VALUES ('citi-strata-premier', 700, 4000, 3);
DELETE FROM perks WHERE card_id = 'citi-strata-premier';
INSERT INTO perks (card_id, name, annual_value) VALUES ('citi-strata-premier', 'Annual Hotel Savings', 100);
INSERT OR REPLACE INTO cards (id, name, issuer, annual_fee, first_year_fee_waived, reward_type, base_rate, point_value, url, image_url) VALUES ('costco-anywhere-visa', 'Costco Anywhere Visa by Citi', 'Citi', 0, 0, 'cashback', 1, 1, 'https://www.citi.com/credit-cards/costco-anywhere-visa-credit-card-by-citi', NULL);
INSERT OR REPLACE INTO category_rates (card_id, category, multiplier) VALUES ('costco-anywhere-visa', 'gas', 4);
INSERT OR REPLACE INTO category_rates (card_id, category, multiplier) VALUES ('costco-anywhere-visa', 'dining', 3);
INSERT OR REPLACE INTO category_rates (card_id, category, multiplier) VALUES ('costco-anywhere-visa', 'travel', 3);
INSERT OR REPLACE INTO cards (id, name, issuer, annual_fee, first_year_fee_waived, reward_type, base_rate, point_value, url, image_url) VALUES ('citi-simplicity', 'Citi Simplicity', 'Citi', 0, 0, 'cashback', 1, 1, 'https://www.citi.com/credit-cards/citi-simplicity-credit-card', NULL);
INSERT OR REPLACE INTO cards (id, name, issuer, annual_fee, first_year_fee_waived, reward_type, base_rate, point_value, url, image_url) VALUES ('citi-aadvantage-platinum', 'Citi AAdvantage Platinum Select', 'Citi', 99, 1, 'points', 1, 1.4, 'https://www.citi.com/credit-cards/citi-aadvantage-platinum-select-credit-card', NULL);
INSERT OR REPLACE INTO category_rates (card_id, category, multiplier) VALUES ('citi-aadvantage-platinum', 'travel', 2);
INSERT OR REPLACE INTO category_rates (card_id, category, multiplier) VALUES ('citi-aadvantage-platinum', 'dining', 2);
INSERT OR REPLACE INTO category_rates (card_id, category, multiplier) VALUES ('citi-aadvantage-platinum', 'gas', 2);
INSERT OR REPLACE INTO sign_up_bonuses (card_id, amount, spend_required, time_months) VALUES ('citi-aadvantage-platinum', 700, 4000, 4);
DELETE FROM perks WHERE card_id = 'citi-aadvantage-platinum';
INSERT INTO perks (card_id, name, annual_value) VALUES ('citi-aadvantage-platinum', 'First Checked Bag Free', 70);
INSERT OR REPLACE INTO cards (id, name, issuer, annual_fee, first_year_fee_waived, reward_type, base_rate, point_value, url, image_url) VALUES ('capital-one-spark-cash-plus', 'Capital One Spark Cash Plus', 'Capital One', 150, 0, 'cashback', 2, 1, 'https://www.capitalone.com/credit-cards/spark-cash-plus/', NULL);
INSERT OR REPLACE INTO sign_up_bonuses (card_id, amount, spend_required, time_months) VALUES ('capital-one-spark-cash-plus', 500, 5000, 3);
DELETE FROM perks WHERE card_id = 'capital-one-spark-cash-plus';
INSERT INTO perks (card_id, name, annual_value) VALUES ('capital-one-spark-cash-plus', 'Annual Fee Rebate (spend $150k+)', 150);
INSERT OR REPLACE INTO cards (id, name, issuer, annual_fee, first_year_fee_waived, reward_type, base_rate, point_value, url, image_url) VALUES ('capital-one-spark-miles', 'Capital One Spark Miles for Business', 'Capital One', 95, 1, 'points', 2, 1, 'https://www.capitalone.com/credit-cards/spark-miles/', NULL);
INSERT OR REPLACE INTO category_rates (card_id, category, multiplier) VALUES ('capital-one-spark-miles', 'travel', 5);
INSERT OR REPLACE INTO sign_up_bonuses (card_id, amount, spend_required, time_months) VALUES ('capital-one-spark-miles', 500, 4500, 3);
INSERT OR REPLACE INTO cards (id, name, issuer, annual_fee, first_year_fee_waived, reward_type, base_rate, point_value, url, image_url) VALUES ('capital-one-venture-one', 'Capital One VentureOne', 'Capital One', 0, 0, 'points', 1.25, 1, 'https://www.capitalone.com/credit-cards/ventureone/', NULL);
INSERT OR REPLACE INTO category_rates (card_id, category, multiplier) VALUES ('capital-one-venture-one', 'travel', 5);
INSERT OR REPLACE INTO sign_up_bonuses (card_id, amount, spend_required, time_months) VALUES ('capital-one-venture-one', 200, 500, 3);
INSERT OR REPLACE INTO cards (id, name, issuer, annual_fee, first_year_fee_waived, reward_type, base_rate, point_value, url, image_url) VALUES ('discover-it-miles', 'Discover it Miles', 'Discover', 0, 0, 'points', 1.5, 1, 'https://www.discover.com/credit-cards/travel/it-miles-card.html', NULL);
INSERT OR REPLACE INTO cards (id, name, issuer, annual_fee, first_year_fee_waived, reward_type, base_rate, point_value, url, image_url) VALUES ('bank-of-america-premium-rewards', 'Bank of America Premium Rewards', 'Bank of America', 95, 0, 'cashback', 1.5, 1, 'https://www.bankofamerica.com/credit-cards/products/premium-rewards-credit-card/', NULL);
INSERT OR REPLACE INTO category_rates (card_id, category, multiplier) VALUES ('bank-of-america-premium-rewards', 'travel', 2);
INSERT OR REPLACE INTO category_rates (card_id, category, multiplier) VALUES ('bank-of-america-premium-rewards', 'dining', 2);
INSERT OR REPLACE INTO sign_up_bonuses (card_id, amount, spend_required, time_months) VALUES ('bank-of-america-premium-rewards', 500, 4000, 3);
DELETE FROM perks WHERE card_id = 'bank-of-america-premium-rewards';
INSERT INTO perks (card_id, name, annual_value) VALUES ('bank-of-america-premium-rewards', 'Airline Incidental Fee Credit', 100);
INSERT OR REPLACE INTO cards (id, name, issuer, annual_fee, first_year_fee_waived, reward_type, base_rate, point_value, url, image_url) VALUES ('bank-of-america-unlimited-cash', 'Bank of America Unlimited Cash Rewards', 'Bank of America', 0, 0, 'cashback', 1.5, 1, 'https://www.bankofamerica.com/credit-cards/products/unlimited-cash-back-credit-card/', NULL);
INSERT OR REPLACE INTO sign_up_bonuses (card_id, amount, spend_required, time_months) VALUES ('bank-of-america-unlimited-cash', 200, 1000, 3);
INSERT OR REPLACE INTO cards (id, name, issuer, annual_fee, first_year_fee_waived, reward_type, base_rate, point_value, url, image_url) VALUES ('alaska-airlines-visa', 'Alaska Airlines Visa Signature', 'Bank of America', 75, 0, 'points', 1, 1.7, 'https://www.alaskaair.com/content/credit-card', NULL);
INSERT OR REPLACE INTO category_rates (card_id, category, multiplier) VALUES ('alaska-airlines-visa', 'travel', 3);
INSERT OR REPLACE INTO category_rates (card_id, category, multiplier) VALUES ('alaska-airlines-visa', 'dining', 2);
INSERT OR REPLACE INTO sign_up_bonuses (card_id, amount, spend_required, time_months) VALUES ('alaska-airlines-visa', 680, 3000, 3);
DELETE FROM perks WHERE card_id = 'alaska-airlines-visa';
INSERT INTO perks (card_id, name, annual_value) VALUES ('alaska-airlines-visa', 'Annual Companion Fare', 99);
INSERT OR REPLACE INTO cards (id, name, issuer, annual_fee, first_year_fee_waived, reward_type, base_rate, point_value, url, image_url) VALUES ('wells-fargo-autograph', 'Wells Fargo Autograph', 'Wells Fargo', 0, 0, 'points', 1, 1, 'https://creditcards.wellsfargo.com/autograph-visa-credit-card', NULL);
INSERT OR REPLACE INTO category_rates (card_id, category, multiplier) VALUES ('wells-fargo-autograph', 'dining', 3);
INSERT OR REPLACE INTO category_rates (card_id, category, multiplier) VALUES ('wells-fargo-autograph', 'travel', 3);
INSERT OR REPLACE INTO category_rates (card_id, category, multiplier) VALUES ('wells-fargo-autograph', 'gas', 3);
INSERT OR REPLACE INTO category_rates (card_id, category, multiplier) VALUES ('wells-fargo-autograph', 'transit', 3);
INSERT OR REPLACE INTO category_rates (card_id, category, multiplier) VALUES ('wells-fargo-autograph', 'streaming', 3);
INSERT OR REPLACE INTO category_rates (card_id, category, multiplier) VALUES ('wells-fargo-autograph', 'entertainment', 3);
INSERT OR REPLACE INTO sign_up_bonuses (card_id, amount, spend_required, time_months) VALUES ('wells-fargo-autograph', 200, 1000, 3);
INSERT OR REPLACE INTO cards (id, name, issuer, annual_fee, first_year_fee_waived, reward_type, base_rate, point_value, url, image_url) VALUES ('wells-fargo-autograph-journey', 'Wells Fargo Autograph Journey', 'Wells Fargo', 95, 0, 'points', 1, 1, 'https://creditcards.wellsfargo.com/autograph-journey-visa-credit-card', NULL);
INSERT OR REPLACE INTO category_rates (card_id, category, multiplier) VALUES ('wells-fargo-autograph-journey', 'travel', 5);
INSERT OR REPLACE INTO category_rates (card_id, category, multiplier) VALUES ('wells-fargo-autograph-journey', 'dining', 3);
INSERT OR REPLACE INTO category_rates (card_id, category, multiplier) VALUES ('wells-fargo-autograph-journey', 'streaming', 1);
INSERT OR REPLACE INTO sign_up_bonuses (card_id, amount, spend_required, time_months) VALUES ('wells-fargo-autograph-journey', 400, 4000, 3);
DELETE FROM perks WHERE card_id = 'wells-fargo-autograph-journey';
INSERT INTO perks (card_id, name, annual_value) VALUES ('wells-fargo-autograph-journey', 'Annual Airline Credit', 50);
INSERT OR REPLACE INTO cards (id, name, issuer, annual_fee, first_year_fee_waived, reward_type, base_rate, point_value, url, image_url) VALUES ('us-bank-cash-plus', 'U.S. Bank Cash+', 'U.S. Bank', 0, 0, 'cashback', 1, 1, 'https://www.usbank.com/credit-cards/cash-plus-visa-signature-credit-card.html', NULL);
INSERT OR REPLACE INTO category_rates (card_id, category, multiplier) VALUES ('us-bank-cash-plus', 'dining', 5);
INSERT OR REPLACE INTO category_rates (card_id, category, multiplier) VALUES ('us-bank-cash-plus', 'entertainment', 5);
INSERT OR REPLACE INTO category_rates (card_id, category, multiplier) VALUES ('us-bank-cash-plus', 'streaming', 5);
INSERT OR REPLACE INTO category_rates (card_id, category, multiplier) VALUES ('us-bank-cash-plus', 'groceries', 2);
INSERT OR REPLACE INTO category_rates (card_id, category, multiplier) VALUES ('us-bank-cash-plus', 'gas', 2);
INSERT OR REPLACE INTO sign_up_bonuses (card_id, amount, spend_required, time_months) VALUES ('us-bank-cash-plus', 200, 1000, 4);
INSERT OR REPLACE INTO cards (id, name, issuer, annual_fee, first_year_fee_waived, reward_type, base_rate, point_value, url, image_url) VALUES ('us-bank-altitude-reserve', 'U.S. Bank Altitude Reserve Visa Infinite', 'U.S. Bank', 400, 0, 'points', 1, 1.5, 'https://www.usbank.com/credit-cards/altitude-reserve-visa-infinite-credit-card.html', NULL);
INSERT OR REPLACE INTO category_rates (card_id, category, multiplier) VALUES ('us-bank-altitude-reserve', 'travel', 5);
INSERT OR REPLACE INTO category_rates (card_id, category, multiplier) VALUES ('us-bank-altitude-reserve', 'online_shopping', 3);
INSERT OR REPLACE INTO category_rates (card_id, category, multiplier) VALUES ('us-bank-altitude-reserve', 'dining', 2);
INSERT OR REPLACE INTO sign_up_bonuses (card_id, amount, spend_required, time_months) VALUES ('us-bank-altitude-reserve', 500, 4500, 3);
DELETE FROM perks WHERE card_id = 'us-bank-altitude-reserve';
INSERT INTO perks (card_id, name, annual_value) VALUES ('us-bank-altitude-reserve', 'Annual Travel Credit', 325);
INSERT INTO perks (card_id, name, annual_value) VALUES ('us-bank-altitude-reserve', 'Global Entry/TSA PreCheck', 17);
INSERT OR REPLACE INTO cards (id, name, issuer, annual_fee, first_year_fee_waived, reward_type, base_rate, point_value, url, image_url) VALUES ('bilt-mastercard', 'Bilt Mastercard', 'Bilt Rewards', 0, 0, 'points', 1, 1, 'https://biltrewards.com/card', NULL);
INSERT OR REPLACE INTO category_rates (card_id, category, multiplier) VALUES ('bilt-mastercard', 'dining', 3);
INSERT OR REPLACE INTO category_rates (card_id, category, multiplier) VALUES ('bilt-mastercard', 'travel', 2);
DELETE FROM perks WHERE card_id = 'bilt-mastercard';
INSERT INTO perks (card_id, name, annual_value) VALUES ('bilt-mastercard', 'Rent Rewards (no fee)', 0);
INSERT OR REPLACE INTO cards (id, name, issuer, annual_fee, first_year_fee_waived, reward_type, base_rate, point_value, url, image_url) VALUES ('apple-card', 'Apple Card', 'Goldman Sachs', 0, 0, 'cashback', 1, 1, 'https://www.apple.com/apple-card/', NULL);
INSERT OR REPLACE INTO category_rates (card_id, category, multiplier) VALUES ('apple-card', 'online_shopping', 3);
INSERT OR REPLACE INTO category_rates (card_id, category, multiplier) VALUES ('apple-card', 'dining', 2);
INSERT OR REPLACE INTO category_rates (card_id, category, multiplier) VALUES ('apple-card', 'travel', 2);
INSERT OR REPLACE INTO cards (id, name, issuer, annual_fee, first_year_fee_waived, reward_type, base_rate, point_value, url, image_url) VALUES ('fidelity-rewards-visa', 'Fidelity Rewards Visa Signature', 'Fidelity', 0, 0, 'cashback', 2, 1, 'https://www.fidelity.com/cash-management/visa-signature-card', NULL);
INSERT OR REPLACE INTO sign_up_bonuses (card_id, amount, spend_required, time_months) VALUES ('fidelity-rewards-visa', 150, 1500, 3);
INSERT OR REPLACE INTO cards (id, name, issuer, annual_fee, first_year_fee_waived, reward_type, base_rate, point_value, url, image_url) VALUES ('target-redcard', 'Target RedCard Mastercard', 'Target', 0, 0, 'cashback', 1, 1, 'https://www.target.com/redcard/main/TargetRedCard', NULL);
INSERT OR REPLACE INTO category_rates (card_id, category, multiplier) VALUES ('target-redcard', 'online_shopping', 5);
INSERT OR REPLACE INTO category_rates (card_id, category, multiplier) VALUES ('target-redcard', 'dining', 2);
INSERT OR REPLACE INTO category_rates (card_id, category, multiplier) VALUES ('target-redcard', 'gas', 2);
DELETE FROM perks WHERE card_id = 'target-redcard';
INSERT INTO perks (card_id, name, annual_value) VALUES ('target-redcard', 'Free 2-day shipping on Target.com', 30);
